data_cat,total_ton,pollutant
Point,2247005.289,CO
Nonpoint,5852973.437,CO
Onroad,14131070.01,CO
Nonroad,11335775.18,CO
Point,2099861.246,NOx
Nonpoint,3260052.828,NOx
Onroad,1956825.19,NOx
Nonroad,742436.8888,NOx
Point,95035.40287,NH3
Nonpoint,4029388.44,NH3
Onroad,186689.2945,NH3
Nonroad,2012.477062,NH3
Point,1147036.514,SO2
Nonpoint,296484.389,SO2
Onroad,11820.53964,SO2
Nonroad,1041.621726,SO2
Point,323962.0112,PM2.5
Nonpoint,2282697.154,PM2.5
Onroad,71825.93747,PM2.5
Nonroad,68932.50755,PM2.5
Point,486430.6898,PM10
Nonpoint,9445396.256,PM10
Onroad,155584.9221,PM10
Nonroad,73555.15408,PM10
Point,1021267.961,VOC
Nonpoint,7340625.269,VOC
Onroad,993982.2218,VOC
Nonroad,930251.6479,VOC
Point,761038.52,Lead
Nonpoint,597684.0931,Lead
Onroad,0,Lead
Nonroad,0,Lead
