pollutant,region,data_cat,total_ton,region_total
SO2,R1,Point,5544.719645,10133.47463
SO2,R1,Nonpoint,4087.87593,10133.47463
SO2,R1,Onroad,457.0914129,10133.47463
SO2,R1,Nonroad,43.78764324,10133.47463
SO2,R10,Point,11223.14497,20511.58635
SO2,R10,Nonpoint,8853.800393,20511.58635
SO2,R10,Onroad,390.9785472,20511.58635
SO2,R10,Nonroad,43.6624346,20511.58635
SO2,R2,Point,22913.88328,28441.85802
SO2,R2,Nonpoint,4691.179288,28441.85802
SO2,R2,Onroad,759.5549794,28441.85802
SO2,R2,Nonroad,77.24046834,28441.85802
SO2,R3,Point,95048.1671,108024.4427
SO2,R3,Nonpoint,11881.60301,108024.4427
SO2,R3,Onroad,1018.163094,108024.4427
SO2,R3,Nonroad,76.50949875,108024.4427
SO2,R4,Point,181837.9047,203192.2193
SO2,R4,Nonpoint,18201.13747,203192.2193
SO2,R4,Onroad,2947.790075,203192.2193
SO2,R4,Nonroad,205.387105,203192.2193
SO2,R5,Point,226824.5345,260656.5967
SO2,R5,Nonpoint,31926.00806,260656.5967
SO2,R5,Onroad,1715.907472,260656.5967
SO2,R5,Nonroad,190.1466783,260656.5967
SO2,R6,Point,290363.3781,456520.5958
SO2,R6,Nonpoint,164328.4891,456520.5958
SO2,R6,Onroad,1716.159695,456520.5958
SO2,R6,Nonroad,112.5689084,456520.5958
SO2,R7,Point,162836.2138,172481.6025
SO2,R7,Nonpoint,9003.453232,172481.6025
SO2,R7,Onroad,572.5826432,172481.6025
SO2,R7,Nonroad,69.35284669,172481.6025
SO2,R8,Point,107112.8929,118181.3939
SO2,R8,Nonpoint,10549.4232,118181.3939
SO2,R8,Onroad,462.5152163,118181.3939
SO2,R8,Nonroad,56.56260084,118181.3939
SO2,R9,Point,43032.25579,55661.00703
SO2,R9,Nonpoint,10682.55118,55661.00703
SO2,R9,Onroad,1779.796509,55661.00703
SO2,R9,Nonroad,166.4035422,55661.00703
