Pollutant,Source,Value
CO,S/L/T,920942.2469
NH3,S/L/T,222828.8407
NOX,S/L/T,663284.7936
PM10,S/L/T,1286632.691
PM2.5,S/L/T,256899.0924
SO2,S/L/T,61517.61678
VOC,S/L/T,2521241.659
Lead,S/L/T,2.444426721
Mercury,S/L/T,0.206170797
Acid-Gases,S/L/T,37.50873795
HAP-Metal,S/L/T,34.21337683
HAP-VOC,S/L/T,66763.38827
CO,EPA HAP & PM Aug,0
NH3,EPA HAP & PM Aug,107.1608411
NOX,EPA HAP & PM Aug,0
PM10,EPA HAP & PM Aug,36.2515517
PM2.5,EPA HAP & PM Aug,3389.093205
SO2,EPA HAP & PM Aug,0
VOC,EPA HAP & PM Aug,0
Lead,EPA HAP & PM Aug,18.31224474
Mercury,EPA HAP & PM Aug,0.254546866
Acid-Gases,EPA HAP & PM Aug,2607.83692
HAP-Metal,EPA HAP & PM Aug,109.1058698
HAP-VOC,EPA HAP & PM Aug,762257.3786
CO,EPA Aircraft,0
NH3,EPA Aircraft,0
NOX,EPA Aircraft,0
PM10,EPA Aircraft,0
PM2.5,EPA Aircraft,0
SO2,EPA Aircraft,0
VOC,EPA Aircraft,0
Lead,EPA Aircraft,253.8421977
Mercury,EPA Aircraft,0
Acid-Gases,EPA Aircraft,0
HAP-Metal,EPA Aircraft,253.8421977
HAP-VOC,EPA Aircraft,0
CO,EPA Nonpoint,20232806.73
NH3,EPA Nonpoint,3950439.942
NOX,EPA Nonpoint,2401283.477
PM10,EPA Nonpoint,10924019.79
PM2.5,EPA Nonpoint,4101825.55
SO2,EPA Nonpoint,348592.286
VOC,EPA Nonpoint,9234798.84
Lead,EPA Nonpoint,38.85854279
Mercury,EPA Nonpoint,9.16544715
Acid-Gases,EPA Nonpoint,12683.56586
HAP-Metal,EPA Nonpoint,103.3084024
HAP-VOC,EPA Nonpoint,851398.5532
