Year,Source,Value
1990,Other,52.5
2005,Other,29.4
2008,Other,17.12
2011,Other,16.61
2014,Other,16.81
2017,Other,19.06
2020,Other,18.83
2023,Other,19.41
1990,Portland Cement Manufacturing,5
2005,Portland Cement Manufacturing,7.5
2008,Portland Cement Manufacturing,4.2
2011,Portland Cement Manufacturing,2.9
2014,Portland Cement Manufacturing,3.2
2017,Portland Cement Manufacturing,1.7
2020,Portland Cement Manufacturing,1.6
2023,Portland Cement Manufacturing,1.5
1990,Electric Arc Furnaces,7.5
2005,Electric Arc Furnaces,7
2008,Electric Arc Furnaces,4.8
2011,Electric Arc Furnaces,5.4
2014,Electric Arc Furnaces,5
2017,Electric Arc Furnaces,4.7
2020,Electric Arc Furnaces,3.8
2023,Electric Arc Furnaces,4.3
1990,ICI Boilers & Engines,14.4
2005,ICI Boilers & Engines,6.4
2008,ICI Boilers & Engines,4.2
2011,ICI Boilers & Engines,3.6
2014,ICI Boilers & Engines,3.2
2017,ICI Boilers & Engines,2.5
2020,ICI Boilers & Engines,1.4
2023,ICI Boilers & Engines,1.3
1990,Medical Waste Combustors,51
2005,Medical Waste Combustors,0.2
2008,Medical Waste Combustors,0.1
2011,Medical Waste Combustors,0.1
2014,Medical Waste Combustors,0.02
2017,Medical Waste Combustors,0.003
2020,Medical Waste Combustors,0.01
2023,Medical Waste Combustors,0.011
1990,Municipal Waste Combustors,57.2
2005,Municipal Waste Combustors,2.3
2008,Municipal Waste Combustors,1.3
2011,Municipal Waste Combustors,1
2014,Municipal Waste Combustors,0.6
2017,Municipal Waste Combustors,0.4
2020,Municipal Waste Combustors,0.3
2023,Municipal Waste Combustors,0.3
1990,Utility Coal Boilers,58.8
2005,Utility Coal Boilers,52.2
2008,Utility Coal Boilers,29.4
2011,Utility Coal Boilers,26.8
2014,Utility Coal Boilers,22.9
2017,Utility Coal Boilers,4.4
2020,Utility Coal Boilers,3.6
2023,Utility Coal Boilers,2.7
